--Insertion--

--SalGrade Table
INSERT INTO SAL_GRADE VALUES
('A',10000,15000,200);
INSERT INTO SAL_GRADE VALUES
('B',15001,20000,150);
INSERT INTO SAL_GRADE VALUES
('C',20001,25000,140);
INSERT INTO SAL_GRADE VALUES
('D',25001,30000,130);
INSERT INTO SAL_GRADE VALUES
('E',30001,35001,120);

--Department Table
INSERT INTO DEPARTMENT VALUES
(10, 'Accounting', 'The process or work of keeping financial accounts',0);
INSERT INTO DEPARTMENT VALUES
(20, 'Research', 'Gathers and processes data about the target market and consumers',0);
INSERT INTO DEPARTMENT VALUES
(30, 'Sales', 'Exchange of Services or Goods ',0);
INSERT INTO DEPARTMENT VALUES
(40, 'IT', 'Information Technology',0);
INSERT INTO DEPARTMENT VALUES
(50, 'HR', 'Human Resources',0);

--Positions Table 
INSERT INTO POSITIONS VALUES
('Manager');
INSERT INTO POSITIONS VALUES
('Accountant');
INSERT INTO POSITIONS VALUES
('Administrator');
INSERT INTO POSITIONS VALUES
('Clerk');
INSERT INTO POSITIONS VALUES
('HR');

--Allowance Table
INSERT INTO ALLOWANCE VALUES
('Fuel', 'Covers fuel expenses');
INSERT INTO ALLOWANCE VALUES
('House', 'Covers rent');
INSERT INTO ALLOWANCE VALUES
('Social', 'Social Assistance');
INSERT INTO ALLOWANCE VALUES
('Manager', 'Given to managers');
INSERT INTO ALLOWANCE VALUES
('Uniform', 'Covers uniform costs');

--Position_Allowance Table 
INSERT INTO POSITION_ALLOWANCE VALUES
('Manager','Fuel');
INSERT INTO POSITION_ALLOWANCE VALUES
('Manager','Social');
INSERT INTO POSITION_ALLOWANCE VALUES
('Manager','Manager');
INSERT INTO POSITION_ALLOWANCE VALUES
('Manager','House');
INSERT INTO POSITION_ALLOWANCE VALUES
('Administrator','Social');
INSERT INTO POSITION_ALLOWANCE VALUES
('Administrator','House');
INSERT INTO POSITION_ALLOWANCE VALUES
('HR','Social');
INSERT INTO POSITION_ALLOWANCE VALUES
('HR','Uniform');
INSERT INTO POSITION_ALLOWANCE VALUES
('Clerk','Social');
INSERT INTO POSITION_ALLOWANCE VALUES
('Clerk','Uniform');

--Employee Table
INSERT INTO EMPLOYEE VALUES 
(1000,'Ahmed','M',TO_DATE('01-JAN-1999','DD-MON-YYYY'),TO_DATE('11-JAN-2018','DD-MON-YYYY'),23000,1500,55773311,'HR',50);

--Login Table
INSERT INTO LOGIN VALUES
('***REMOVED***','***REMOVED***',1000);

ALTER TRIGGER trg_transaction ENABLE;

--Back to Employee Table
INSERT INTO EMPLOYEE VALUES 
(1005,'Mohamed','M',TO_DATE('21-FEB-1997','DD-MON-YYYY'),TO_DATE('07-MAY-2019','DD-MON-YYYY'),12000,500,33554422,'Manager',10);
INSERT INTO EMPLOYEE VALUES 
(1010,'Maria','F',TO_DATE('13-APR-1998','DD-MON-YYYY'),TO_DATE('25-DEC-2019','DD-MON-YYYY'),17000,1000,66114455,'Administrator',20);
INSERT INTO EMPLOYEE VALUES 
(1015,'John','M',TO_DATE('16-NOV-1993','DD-MON-YYYY'),TO_DATE('14-OCT-2018','DD-MON-YYYY'),34000,2500,33664400,'Clerk',20);
INSERT INTO EMPLOYEE VALUES 
(1020,'Jessica','F',TO_DATE('09-SEP-1996','DD-MON-YYYY'),TO_DATE('15-JUN-2018','DD-MON-YYYY'),29000,1500,77112288,'Administrator',40);
INSERT INTO EMPLOYEE VALUES 
(1025,'Jane','F',TO_DATE('14-SEP-1995','DD-MON-YYYY'),TO_DATE('16-JUN-2019','DD-MON-YYYY'),29000,500,88115588,'Administrator',30);
INSERT INTO EMPLOYEE VALUES 
(1030,'Jerry','M',TO_DATE('16-NOV-1993','DD-MON-YYYY'),TO_DATE('14-OCT-2018','DD-MON-YYYY'),12000,500,77661144,'Clerk',30);
INSERT INTO EMPLOYEE VALUES 
(1035,'Ali','M',TO_DATE('05-FEB-1994','DD-MON-YYYY'),TO_DATE('08-MAY-2020','DD-MON-YYYY'),32000,500,55662222,'Manager',20);
INSERT INTO EMPLOYEE VALUES 
(1040,'Ammar','M',TO_DATE('07-MAR-1999','DD-MON-YYYY'),TO_DATE('18-MAY-2020','DD-MON-YYYY'),33000,1500,44332211,'Accountant',10);
INSERT INTO EMPLOYEE VALUES 
(1045,'Salah','M',TO_DATE('22-NOV-1980','DD-MON-YYYY'),TO_DATE('29-MAY-2019','DD-MON-YYYY'),22000,200,11997722,'Manager',40);
INSERT INTO EMPLOYEE VALUES 
(1050,'Abdulla','M',TO_DATE('25-FEB-1992','DD-MON-YYYY'),TO_DATE('28-NOV-2021','DD-MON-YYYY'),12000,1100,99881122,'Clerk',10);


--Vehicle Table
INSERT INTO VEHICLE VALUES
(146273, 'RAM', 'Dodge', TO_DATE('19-JUN-2023','DD-MON-YYYY'),1000);
INSERT INTO VEHICLE VALUES
(883218, 'Landcruiser', 'Toyota', TO_DATE('05-AUG-2023','DD-MON-YYYY'),1005);
INSERT INTO VEHICLE VALUES
(527991, 'Sportage', 'KIA', TO_DATE('02-JUL-2023','DD-MON-YYYY'),1010);
INSERT INTO VEHICLE VALUES
(169247, 'Camry', 'Toyota', TO_DATE('21-JUN-2023','DD-MON-YYYY'),1015);
INSERT INTO VEHICLE VALUES
(396621, 'X5', 'BMW', TO_DATE('27-AUG-2023','DD-MON-YYYY'),1020);



--Projects Table
INSERT INTO PROJECTS VALUES
(100, 'CyberUpgrade', 'Enhancing the company cyber security');
INSERT INTO PROJECTS VALUES
(105, 'Computerization', 'Developing new elements to the software system');
INSERT INTO PROJECTS VALUES
(110, 'Reorganization', 'Shift of plans in the Research Department');
INSERT INTO PROJECTS VALUES
(115, 'NewBenefits', 'Recruitment of new suitable employees');
INSERT INTO PROJECTS VALUES
(120, 'ProductX', 'Launch of a new product');

--Dept_Project Table
INSERT INTO DEPT_PROJECT VALUES
(20, 110);
INSERT INTO DEPT_PROJECT VALUES
(30, 120);
INSERT INTO DEPT_PROJECT VALUES
(40, 100);
INSERT INTO DEPT_PROJECT VALUES
(40, 105);
INSERT INTO DEPT_PROJECT VALUES
(50, 115);


--Overtime table
INSERT INTO OVERTIME(EMP_ID,ODATE,OTYPE,NO_OF_HOURS) VALUES
(1000,TO_DATE('05-MAY-2018','DD-MON-YYYY'),'NIGHT',5);
INSERT INTO OVERTIME(EMP_ID,ODATE,OTYPE,NO_OF_HOURS) VALUES
(1010,TO_DATE('16-SEP-2020','DD-MON-YYYY'),'DAY',3);
INSERT INTO OVERTIME(EMP_ID,ODATE,OTYPE,NO_OF_HOURS) VALUES
(1015,TO_DATE('16-SEP-2019','DD-MON-YYYY'),'NIGHT',1);
INSERT INTO OVERTIME(EMP_ID,ODATE,OTYPE,NO_OF_HOURS) VALUES
(1050,TO_DATE('17-NOV-2020','DD-MON-YYYY'),'DAY',2);
INSERT INTO OVERTIME(EMP_ID,ODATE,OTYPE,NO_OF_HOURS) VALUES
(1020,TO_DATE('22-SEP-2021','DD-MON-YYYY'),'DAY',3);